"Election Name","County Name","Office Name","District Name","Party Name","Candidate Name","Votes","Yes Votes","No Votes","Election Day Votes","ElectionDay Yes Votes","Election Day No Votes","Mail Votes","Mail Yes Votes","Mail No Votes","Provisional Votes","Provisional Yes Votes","Provisional No Votes"
"2012 General Election","ADAMS","Auditor General","StateWide","Republican","","25,650","0","0","","","","","","","","",""
"2012 General Election","ADAMS","Auditor General","StateWide","Democratic","","13,290","0","0","","","","","","","","",""
"2012 General Election","ADAMS","Auditor General","StateWide","Libertarian","","2,308","0","0","","","","","","","","",""
"2012 General Election","ADAMS","State Treasurer","StateWide","Republican","","24,503","0","0","","","","","","","","",""
"2012 General Election","ADAMS","State Treasurer","StateWide","Democratic","","14,451","0","0","","","","","","","","",""
"2012 General Election","ADAMS","State Treasurer","StateWide","Libertarian","","2,197","0","0","","","","","","","","",""
"2012 General Election","ALLEGHENY","Auditor General","StateWide","Republican","","239,415","0","0","","","","","","","","",""
"2012 General Election","ALLEGHENY","Auditor General","StateWide","Democratic","","337,094","0","0","","","","","","","","",""
"2012 General Election","ALLEGHENY","Auditor General","StateWide","Libertarian","","24,067","0","0","","","","","","","","",""
"2012 General Election","ALLEGHENY","State Treasurer","StateWide","Republican","","221,408","0","0","","","","","","","","",""
"2012 General Election","ALLEGHENY","State Treasurer","StateWide","Democratic","","347,735","0","0","","","","","","","","",""
"2012 General Election","ALLEGHENY","State Treasurer","StateWide","Libertarian","","25,300","0","0","","","","","","","","",""
"2012 General Election","ARMSTRONG","Auditor General","StateWide","Republican","","17,632","0","0","","","","","","","","",""
"2012 General Election","ARMSTRONG","Auditor General","StateWide","Democratic","","9,671","0","0","","","","","","","","",""
"2012 General Election","ARMSTRONG","Auditor General","StateWide","Libertarian","","1,510","0","0","","","","","","","","",""
"2012 General Election","ARMSTRONG","State Treasurer","StateWide","Republican","","16,439","0","0","","","","","","","","",""
"2012 General Election","ARMSTRONG","State Treasurer","StateWide","Democratic","","10,620","0","0","","","","","","","","",""
"2012 General Election","ARMSTRONG","State Treasurer","StateWide","Libertarian","","1,515","0","0","","","","","","","","",""
"2012 General Election","BEAVER","Auditor General","StateWide","Republican","","36,693","0","0","","","","","","","","",""
"2012 General Election","BEAVER","Auditor General","StateWide","Democratic","","38,112","0","0","","","","","","","","",""
"2012 General Election","BEAVER","Auditor General","StateWide","Libertarian","","3,772","0","0","","","","","","","","",""
"2012 General Election","BEAVER","State Treasurer","StateWide","Republican","","35,167","0","0","","","","","","","","",""
"2012 General Election","BEAVER","State Treasurer","StateWide","Democratic","","39,294","0","0","","","","","","","","",""
"2012 General Election","BEAVER","State Treasurer","StateWide","Libertarian","","3,564","0","0","","","","","","","","",""
"2012 General Election","BEDFORD","Auditor General","StateWide","Republican","","15,137","0","0","","","","","","","","",""
"2012 General Election","BEDFORD","Auditor General","StateWide","Democratic","","4,813","0","0","","","","","","","","",""
"2012 General Election","BEDFORD","Auditor General","StateWide","Libertarian","","1,149","0","0","","","","","","","","",""
"2012 General Election","BEDFORD","State Treasurer","StateWide","Republican","","14,460","0","0","","","","","","","","",""
"2012 General Election","BEDFORD","State Treasurer","StateWide","Democratic","","5,726","0","0","","","","","","","","",""
"2012 General Election","BEDFORD","State Treasurer","StateWide","Libertarian","","893","0","0","","","","","","","","",""
"2012 General Election","BERKS","Auditor General","StateWide","Republican","","83,968","0","0","","","","","","","","",""
"2012 General Election","BERKS","Auditor General","StateWide","Democratic","","70,192","0","0","","","","","","","","",""
"2012 General Election","BERKS","Auditor General","StateWide","Libertarian","","6,062","0","0","","","","","","","","",""
"2012 General Election","BERKS","State Treasurer","StateWide","Republican","","77,255","0","0","","","","","","","","",""
"2012 General Election","BERKS","State Treasurer","StateWide","Democratic","","77,506","0","0","","","","","","","","",""
"2012 General Election","BERKS","State Treasurer","StateWide","Libertarian","","5,171","0","0","","","","","","","","",""
"2012 General Election","BLAIR","Auditor General","StateWide","Republican","","31,492","0","0","","","","","","","","",""
"2012 General Election","BLAIR","Auditor General","StateWide","Democratic","","15,522","0","0","","","","","","","","",""
"2012 General Election","BLAIR","Auditor General","StateWide","Libertarian","","2,570","0","0","","","","","","","","",""
"2012 General Election","BLAIR","State Treasurer","StateWide","Republican","","30,211","0","0","","","","","","","","",""
"2012 General Election","BLAIR","State Treasurer","StateWide","Democratic","","17,148","0","0","","","","","","","","",""
"2012 General Election","BLAIR","State Treasurer","StateWide","Libertarian","","2,130","0","0","","","","","","","","",""
"2012 General Election","BRADFORD","Auditor General","StateWide","Republican","","14,247","0","0","","","","","","","","",""
"2012 General Election","BRADFORD","Auditor General","StateWide","Democratic","","6,692","0","0","","","","","","","","",""
"2012 General Election","BRADFORD","Auditor General","StateWide","Libertarian","","1,551","0","0","","","","","","","","",""
"2012 General Election","BRADFORD","State Treasurer","StateWide","Republican","","14,031","0","0","","","","","","","","",""
"2012 General Election","BRADFORD","State Treasurer","StateWide","Democratic","","7,356","0","0","","","","","","","","",""
"2012 General Election","BRADFORD","State Treasurer","StateWide","Libertarian","","1,126","0","0","","","","","","","","",""
"2012 General Election","BUCKS","Auditor General","StateWide","Republican","","155,071","0","0","","","","","","","","",""
"2012 General Election","BUCKS","Auditor General","StateWide","Democratic","","144,175","0","0","","","","","","","","",""
"2012 General Election","BUCKS","Auditor General","StateWide","Libertarian","","7,355","0","0","","","","","","","","",""
"2012 General Election","BUCKS","State Treasurer","StateWide","Republican","","148,177","0","0","","","","","","","","",""
"2012 General Election","BUCKS","State Treasurer","StateWide","Democratic","","151,097","0","0","","","","","","","","",""
"2012 General Election","BUCKS","State Treasurer","StateWide","Libertarian","","6,697","0","0","","","","","","","","",""
"2012 General Election","BUTLER","Auditor General","StateWide","Republican","","55,778","0","0","","","","","","","","",""
"2012 General Election","BUTLER","Auditor General","StateWide","Democratic","","27,261","0","0","","","","","","","","",""
"2012 General Election","BUTLER","Auditor General","StateWide","Libertarian","","4,117","0","0","","","","","","","","",""
"2012 General Election","BUTLER","State Treasurer","StateWide","Republican","","53,187","0","0","","","","","","","","",""
"2012 General Election","BUTLER","State Treasurer","StateWide","Democratic","","29,589","0","0","","","","","","","","",""
"2012 General Election","BUTLER","State Treasurer","StateWide","Libertarian","","3,971","0","0","","","","","","","","",""
"2012 General Election","CAMBRIA","Auditor General","StateWide","Republican","","27,945","0","0","","","","","","","","",""
"2012 General Election","CAMBRIA","Auditor General","StateWide","Democratic","","27,281","0","0","","","","","","","","",""
"2012 General Election","CAMBRIA","Auditor General","StateWide","Libertarian","","3,565","0","0","","","","","","","","",""
"2012 General Election","CAMBRIA","State Treasurer","StateWide","Republican","","25,937","0","0","","","","","","","","",""
"2012 General Election","CAMBRIA","State Treasurer","StateWide","Democratic","","29,728","0","0","","","","","","","","",""
"2012 General Election","CAMBRIA","State Treasurer","StateWide","Libertarian","","2,922","0","0","","","","","","","","",""
"2012 General Election","CAMERON","Auditor General","StateWide","Republican","","1,219","0","0","","","","","","","","",""
"2012 General Election","CAMERON","Auditor General","StateWide","Democratic","","676","0","0","","","","","","","","",""
"2012 General Election","CAMERON","Auditor General","StateWide","Libertarian","","145","0","0","","","","","","","","",""
"2012 General Election","CAMERON","State Treasurer","StateWide","Republican","","1,147","0","0","","","","","","","","",""
"2012 General Election","CAMERON","State Treasurer","StateWide","Democratic","","768","0","0","","","","","","","","",""
"2012 General Election","CAMERON","State Treasurer","StateWide","Libertarian","","113","0","0","","","","","","","","",""
"2012 General Election","CARBON","Auditor General","StateWide","Republican","","11,973","0","0","","","","","","","","",""
"2012 General Election","CARBON","Auditor General","StateWide","Democratic","","10,659","0","0","","","","","","","","",""
"2012 General Election","CARBON","Auditor General","StateWide","Libertarian","","1,523","0","0","","","","","","","","",""
"2012 General Election","CARBON","State Treasurer","StateWide","Republican","","11,236","0","0","","","","","","","","",""
"2012 General Election","CARBON","State Treasurer","StateWide","Democratic","","11,608","0","0","","","","","","","","",""
"2012 General Election","CARBON","State Treasurer","StateWide","Libertarian","","1,220","0","0","","","","","","","","",""
"2012 General Election","CENTRE","Auditor General","StateWide","Republican","","32,438","0","0","","","","","","","","",""
"2012 General Election","CENTRE","Auditor General","StateWide","Democratic","","29,562","0","0","","","","","","","","",""
"2012 General Election","CENTRE","Auditor General","StateWide","Libertarian","","4,653","0","0","","","","","","","","",""
"2012 General Election","CENTRE","State Treasurer","StateWide","Republican","","30,532","0","0","","","","","","","","",""
"2012 General Election","CENTRE","State Treasurer","StateWide","Democratic","","31,946","0","0","","","","","","","","",""
"2012 General Election","CENTRE","State Treasurer","StateWide","Libertarian","","3,934","0","0","","","","","","","","",""
"2012 General Election","CHESTER","Auditor General","StateWide","Republican","","128,308","0","0","","","","","","","","",""
"2012 General Election","CHESTER","Auditor General","StateWide","Democratic","","104,263","0","0","","","","","","","","",""
"2012 General Election","CHESTER","Auditor General","StateWide","Libertarian","","11,573","0","0","","","","","","","","",""
"2012 General Election","CHESTER","State Treasurer","StateWide","Republican","","121,250","0","0","","","","","","","","",""
"2012 General Election","CHESTER","State Treasurer","StateWide","Democratic","","112,998","0","0","","","","","","","","",""
"2012 General Election","CHESTER","State Treasurer","StateWide","Libertarian","","9,750","0","0","","","","","","","","",""
"2012 General Election","CLARION","Auditor General","StateWide","Republican","","9,928","0","0","","","","","","","","",""
"2012 General Election","CLARION","Auditor General","StateWide","Democratic","","4,821","0","0","","","","","","","","",""
"2012 General Election","CLARION","Auditor General","StateWide","Libertarian","","1,036","0","0","","","","","","","","",""
"2012 General Election","CLARION","State Treasurer","StateWide","Republican","","9,162","0","0","","","","","","","","",""
"2012 General Election","CLARION","State Treasurer","StateWide","Democratic","","5,670","0","0","","","","","","","","",""
"2012 General Election","CLARION","State Treasurer","StateWide","Libertarian","","914","0","0","","","","","","","","",""
"2012 General Election","CLEARFIELD","Auditor General","StateWide","Republican","","18,236","0","0","","","","","","","","",""
"2012 General Election","CLEARFIELD","Auditor General","StateWide","Democratic","","10,734","0","0","","","","","","","","",""
"2012 General Election","CLEARFIELD","Auditor General","StateWide","Libertarian","","2,103","0","0","","","","","","","","",""
"2012 General Election","CLEARFIELD","State Treasurer","StateWide","Republican","","17,007","0","0","","","","","","","","",""
"2012 General Election","CLEARFIELD","State Treasurer","StateWide","Democratic","","12,388","0","0","","","","","","","","",""
"2012 General Election","CLEARFIELD","State Treasurer","StateWide","Libertarian","","1,618","0","0","","","","","","","","",""
"2012 General Election","CLINTON","Auditor General","StateWide","Republican","","6,622","0","0","","","","","","","","",""
"2012 General Election","CLINTON","Auditor General","StateWide","Democratic","","5,409","0","0","","","","","","","","",""
"2012 General Election","CLINTON","Auditor General","StateWide","Libertarian","","743","0","0","","","","","","","","",""
"2012 General Election","CLINTON","State Treasurer","StateWide","Republican","","6,429","0","0","","","","","","","","",""
"2012 General Election","CLINTON","State Treasurer","StateWide","Democratic","","5,765","0","0","","","","","","","","",""
"2012 General Election","CLINTON","State Treasurer","StateWide","Libertarian","","601","0","0","","","","","","","","",""
"2012 General Election","COLUMBIA","Auditor General","StateWide","Republican","","12,912","0","0","","","","","","","","",""
"2012 General Election","COLUMBIA","Auditor General","StateWide","Democratic","","10,429","0","0","","","","","","","","",""
"2012 General Election","COLUMBIA","Auditor General","StateWide","Libertarian","","1,431","0","0","","","","","","","","",""
"2012 General Election","COLUMBIA","State Treasurer","StateWide","Republican","","12,511","0","0","","","","","","","","",""
"2012 General Election","COLUMBIA","State Treasurer","StateWide","Democratic","","10,848","0","0","","","","","","","","",""
"2012 General Election","COLUMBIA","State Treasurer","StateWide","Libertarian","","1,253","0","0","","","","","","","","",""
"2012 General Election","CRAWFORD","Auditor General","StateWide","Republican","","20,342","0","0","","","","","","","","",""
"2012 General Election","CRAWFORD","Auditor General","StateWide","Democratic","","12,172","0","0","","","","","","","","",""
"2012 General Election","CRAWFORD","Auditor General","StateWide","Libertarian","","1,834","0","0","","","","","","","","",""
"2012 General Election","CRAWFORD","State Treasurer","StateWide","Republican","","19,132","0","0","","","","","","","","",""
"2012 General Election","CRAWFORD","State Treasurer","StateWide","Democratic","","13,555","0","0","","","","","","","","",""
"2012 General Election","CRAWFORD","State Treasurer","StateWide","Libertarian","","1,633","0","0","","","","","","","","",""
"2012 General Election","CUMBERLAND","Auditor General","StateWide","Republican","","64,500","0","0","","","","","","","","",""
"2012 General Election","CUMBERLAND","Auditor General","StateWide","Democratic","","38,563","0","0","","","","","","","","",""
"2012 General Election","CUMBERLAND","Auditor General","StateWide","Libertarian","","5,245","0","0","","","","","","","","",""
"2012 General Election","CUMBERLAND","State Treasurer","StateWide","Republican","","59,102","0","0","","","","","","","","",""
"2012 General Election","CUMBERLAND","State Treasurer","StateWide","Democratic","","43,777","0","0","","","","","","","","",""
"2012 General Election","CUMBERLAND","State Treasurer","StateWide","Libertarian","","4,955","0","0","","","","","","","","",""
"2012 General Election","DAUPHIN","Auditor General","StateWide","Republican","","56,756","0","0","","","","","","","","",""
"2012 General Election","DAUPHIN","Auditor General","StateWide","Democratic","","58,127","0","0","","","","","","","","",""
"2012 General Election","DAUPHIN","Auditor General","StateWide","Libertarian","","2,865","0","0","","","","","","","","",""
"2012 General Election","DAUPHIN","State Treasurer","StateWide","Republican","","51,864","0","0","","","","","","","","",""
"2012 General Election","DAUPHIN","State Treasurer","StateWide","Democratic","","62,405","0","0","","","","","","","","",""
"2012 General Election","DAUPHIN","State Treasurer","StateWide","Libertarian","","2,805","0","0","","","","","","","","",""
"2012 General Election","DELAWARE","Auditor General","StateWide","Republican","","117,109","0","0","","","","","","","","",""
"2012 General Election","DELAWARE","Auditor General","StateWide","Democratic","","147,212","0","0","","","","","","","","",""
"2012 General Election","DELAWARE","Auditor General","StateWide","Libertarian","","5,131","0","0","","","","","","","","",""
"2012 General Election","DELAWARE","State Treasurer","StateWide","Republican","","111,023","0","0","","","","","","","","",""
"2012 General Election","DELAWARE","State Treasurer","StateWide","Democratic","","153,800","0","0","","","","","","","","",""
"2012 General Election","DELAWARE","State Treasurer","StateWide","Libertarian","","4,578","0","0","","","","","","","","",""
"2012 General Election","ELK","Auditor General","StateWide","Republican","","6,663","0","0","","","","","","","","",""
"2012 General Election","ELK","Auditor General","StateWide","Democratic","","5,401","0","0","","","","","","","","",""
"2012 General Election","ELK","Auditor General","StateWide","Libertarian","","885","0","0","","","","","","","","",""
"2012 General Election","ELK","State Treasurer","StateWide","Republican","","6,260","0","0","","","","","","","","",""
"2012 General Election","ELK","State Treasurer","StateWide","Democratic","","5,931","0","0","","","","","","","","",""
"2012 General Election","ELK","State Treasurer","StateWide","Libertarian","","678","0","0","","","","","","","","",""
"2012 General Election","ERIE","Auditor General","StateWide","Republican","","49,870","0","0","","","","","","","","",""
"2012 General Election","ERIE","Auditor General","StateWide","Democratic","","57,998","0","0","","","","","","","","",""
"2012 General Election","ERIE","Auditor General","StateWide","Libertarian","","5,649","0","0","","","","","","","","",""
"2012 General Election","ERIE","State Treasurer","StateWide","Republican","","43,452","0","0","","","","","","","","",""
"2012 General Election","ERIE","State Treasurer","StateWide","Democratic","","64,583","0","0","","","","","","","","",""
"2012 General Election","ERIE","State Treasurer","StateWide","Libertarian","","4,923","0","0","","","","","","","","",""
"2012 General Election","FAYETTE","Auditor General","StateWide","Republican","","21,078","0","0","","","","","","","","",""
"2012 General Election","FAYETTE","Auditor General","StateWide","Democratic","","23,877","0","0","","","","","","","","",""
"2012 General Election","FAYETTE","Auditor General","StateWide","Libertarian","","1,842","0","0","","","","","","","","",""
"2012 General Election","FAYETTE","State Treasurer","StateWide","Republican","","19,973","0","0","","","","","","","","",""
"2012 General Election","FAYETTE","State Treasurer","StateWide","Democratic","","24,925","0","0","","","","","","","","",""
"2012 General Election","FAYETTE","State Treasurer","StateWide","Libertarian","","1,773","0","0","","","","","","","","",""
"2012 General Election","FOREST","Auditor General","StateWide","Republican","","1,302","0","0","","","","","","","","",""
"2012 General Election","FOREST","Auditor General","StateWide","Democratic","","797","0","0","","","","","","","","",""
"2012 General Election","FOREST","Auditor General","StateWide","Libertarian","","146","0","0","","","","","","","","",""
"2012 General Election","FOREST","State Treasurer","StateWide","Republican","","1,224","0","0","","","","","","","","",""
"2012 General Election","FOREST","State Treasurer","StateWide","Democratic","","855","0","0","","","","","","","","",""
"2012 General Election","FOREST","State Treasurer","StateWide","Libertarian","","150","0","0","","","","","","","","",""
"2012 General Election","FRANKLIN","Auditor General","StateWide","Republican","","41,509","0","0","","","","","","","","",""
"2012 General Election","FRANKLIN","Auditor General","StateWide","Democratic","","16,342","0","0","","","","","","","","",""
"2012 General Election","FRANKLIN","Auditor General","StateWide","Libertarian","","3,553","0","0","","","","","","","","",""
"2012 General Election","FRANKLIN","State Treasurer","StateWide","Republican","","40,094","0","0","","","","","","","","",""
"2012 General Election","FRANKLIN","State Treasurer","StateWide","Democratic","","18,285","0","0","","","","","","","","",""
"2012 General Election","FRANKLIN","State Treasurer","StateWide","Libertarian","","2,876","0","0","","","","","","","","",""
"2012 General Election","FULTON","Auditor General","StateWide","Republican","","4,357","0","0","","","","","","","","",""
"2012 General Election","FULTON","Auditor General","StateWide","Democratic","","1,227","0","0","","","","","","","","",""
"2012 General Election","FULTON","Auditor General","StateWide","Libertarian","","344","0","0","","","","","","","","",""
"2012 General Election","FULTON","State Treasurer","StateWide","Republican","","4,207","0","0","","","","","","","","",""
"2012 General Election","FULTON","State Treasurer","StateWide","Democratic","","1,466","0","0","","","","","","","","",""
"2012 General Election","FULTON","State Treasurer","StateWide","Libertarian","","270","0","0","","","","","","","","",""
"2012 General Election","GREENE","Auditor General","StateWide","Republican","","6,778","0","0","","","","","","","","",""
"2012 General Election","GREENE","Auditor General","StateWide","Democratic","","6,325","0","0","","","","","","","","",""
"2012 General Election","GREENE","Auditor General","StateWide","Libertarian","","702","0","0","","","","","","","","",""
"2012 General Election","GREENE","State Treasurer","StateWide","Republican","","6,384","0","0","","","","","","","","",""
"2012 General Election","GREENE","State Treasurer","StateWide","Democratic","","6,867","0","0","","","","","","","","",""
"2012 General Election","GREENE","State Treasurer","StateWide","Libertarian","","588","0","0","","","","","","","","",""
"2012 General Election","HUNTINGDON","Auditor General","StateWide","Republican","","11,217","0","0","","","","","","","","",""
"2012 General Election","HUNTINGDON","Auditor General","StateWide","Democratic","","4,840","0","0","","","","","","","","",""
"2012 General Election","HUNTINGDON","Auditor General","StateWide","Libertarian","","1,072","0","0","","","","","","","","",""
"2012 General Election","HUNTINGDON","State Treasurer","StateWide","Republican","","10,796","0","0","","","","","","","","",""
"2012 General Election","HUNTINGDON","State Treasurer","StateWide","Democratic","","5,524","0","0","","","","","","","","",""
"2012 General Election","HUNTINGDON","State Treasurer","StateWide","Libertarian","","813","0","0","","","","","","","","",""
"2012 General Election","INDIANA","Auditor General","StateWide","Republican","","19,118","0","0","","","","","","","","",""
"2012 General Election","INDIANA","Auditor General","StateWide","Democratic","","14,112","0","0","","","","","","","","",""
"2012 General Election","INDIANA","Auditor General","StateWide","Libertarian","","2,187","0","0","","","","","","","","",""
"2012 General Election","INDIANA","State Treasurer","StateWide","Republican","","18,215","0","0","","","","","","","","",""
"2012 General Election","INDIANA","State Treasurer","StateWide","Democratic","","15,007","0","0","","","","","","","","",""
"2012 General Election","INDIANA","State Treasurer","StateWide","Libertarian","","2,028","0","0","","","","","","","","",""
"2012 General Election","JEFFERSON","Auditor General","StateWide","Republican","","11,769","0","0","","","","","","","","",""
"2012 General Election","JEFFERSON","Auditor General","StateWide","Democratic","","4,923","0","0","","","","","","","","",""
"2012 General Election","JEFFERSON","Auditor General","StateWide","Libertarian","","1,073","0","0","","","","","","","","",""
"2012 General Election","JEFFERSON","State Treasurer","StateWide","Republican","","11,366","0","0","","","","","","","","",""
"2012 General Election","JEFFERSON","State Treasurer","StateWide","Democratic","","5,512","0","0","","","","","","","","",""
"2012 General Election","JEFFERSON","State Treasurer","StateWide","Libertarian","","859","0","0","","","","","","","","",""
"2012 General Election","JUNIATA","Auditor General","StateWide","Republican","","6,324","0","0","","","","","","","","",""
"2012 General Election","JUNIATA","Auditor General","StateWide","Democratic","","2,407","0","0","","","","","","","","",""
"2012 General Election","JUNIATA","Auditor General","StateWide","Libertarian","","552","0","0","","","","","","","","",""
"2012 General Election","JUNIATA","State Treasurer","StateWide","Republican","","5,885","0","0","","","","","","","","",""
"2012 General Election","JUNIATA","State Treasurer","StateWide","Democratic","","2,897","0","0","","","","","","","","",""
"2012 General Election","JUNIATA","State Treasurer","StateWide","Libertarian","","489","0","0","","","","","","","","",""
"2012 General Election","LACKAWANNA","Auditor General","StateWide","Republican","","31,170","0","0","","","","","","","","",""
"2012 General Election","LACKAWANNA","Auditor General","StateWide","Democratic","","56,853","0","0","","","","","","","","",""
"2012 General Election","LACKAWANNA","Auditor General","StateWide","Libertarian","","4,903","0","0","","","","","","","","",""
"2012 General Election","LACKAWANNA","State Treasurer","StateWide","Republican","","27,503","0","0","","","","","","","","",""
"2012 General Election","LACKAWANNA","State Treasurer","StateWide","Democratic","","60,138","0","0","","","","","","","","",""
"2012 General Election","LACKAWANNA","State Treasurer","StateWide","Libertarian","","4,298","0","0","","","","","","","","",""
"2012 General Election","LANCASTER","Auditor General","StateWide","Republican","","129,749","0","0","","","","","","","","",""
"2012 General Election","LANCASTER","Auditor General","StateWide","Democratic","","75,857","0","0","","","","","","","","",""
"2012 General Election","LANCASTER","Auditor General","StateWide","Libertarian","","10,220","0","0","","","","","","","","",""
"2012 General Election","LANCASTER","State Treasurer","StateWide","Republican","","125,440","0","0","","","","","","","","",""
"2012 General Election","LANCASTER","State Treasurer","StateWide","Democratic","","81,364","0","0","","","","","","","","",""
"2012 General Election","LANCASTER","State Treasurer","StateWide","Libertarian","","8,588","0","0","","","","","","","","",""
"2012 General Election","LAWRENCE","Auditor General","StateWide","Republican","","18,838","0","0","","","","","","","","",""
"2012 General Election","LAWRENCE","Auditor General","StateWide","Democratic","","17,387","0","0","","","","","","","","",""
"2012 General Election","LAWRENCE","Auditor General","StateWide","Libertarian","","1,679","0","0","","","","","","","","",""
"2012 General Election","LAWRENCE","State Treasurer","StateWide","Republican","","17,902","0","0","","","","","","","","",""
"2012 General Election","LAWRENCE","State Treasurer","StateWide","Democratic","","18,379","0","0","","","","","","","","",""
"2012 General Election","LAWRENCE","State Treasurer","StateWide","Libertarian","","1,421","0","0","","","","","","","","",""
"2012 General Election","LEBANON","Auditor General","StateWide","Republican","","34,547","0","0","","","","","","","","",""
"2012 General Election","LEBANON","Auditor General","StateWide","Democratic","","17,464","0","0","","","","","","","","",""
"2012 General Election","LEBANON","Auditor General","StateWide","Libertarian","","2,572","0","0","","","","","","","","",""
"2012 General Election","LEBANON","State Treasurer","StateWide","Republican","","32,490","0","0","","","","","","","","",""
"2012 General Election","LEBANON","State Treasurer","StateWide","Democratic","","19,481","0","0","","","","","","","","",""
"2012 General Election","LEBANON","State Treasurer","StateWide","Libertarian","","2,449","0","0","","","","","","","","",""
"2012 General Election","LEHIGH","Auditor General","StateWide","Republican","","63,991","0","0","","","","","","","","",""
"2012 General Election","LEHIGH","Auditor General","StateWide","Democratic","","69,838","0","0","","","","","","","","",""
"2012 General Election","LEHIGH","Auditor General","StateWide","Libertarian","","6,256","0","0","","","","","","","","",""
"2012 General Election","LEHIGH","State Treasurer","StateWide","Republican","","60,125","0","0","","","","","","","","",""
"2012 General Election","LEHIGH","State Treasurer","StateWide","Democratic","","74,063","0","0","","","","","","","","",""
"2012 General Election","LEHIGH","State Treasurer","StateWide","Libertarian","","5,516","0","0","","","","","","","","",""
"2012 General Election","LUZERNE","Auditor General","StateWide","Republican","","49,693","0","0","","","","","","","","",""
"2012 General Election","LUZERNE","Auditor General","StateWide","Democratic","","58,874","0","0","","","","","","","","",""
"2012 General Election","LUZERNE","Auditor General","StateWide","Libertarian","","8,104","0","0","","","","","","","","",""
"2012 General Election","LUZERNE","State Treasurer","StateWide","Republican","","46,056","0","0","","","","","","","","",""
"2012 General Election","LUZERNE","State Treasurer","StateWide","Democratic","","63,202","0","0","","","","","","","","",""
"2012 General Election","LUZERNE","State Treasurer","StateWide","Libertarian","","5,990","0","0","","","","","","","","",""
"2012 General Election","LYCOMING","Auditor General","StateWide","Republican","","27,562","0","0","","","","","","","","",""
"2012 General Election","LYCOMING","Auditor General","StateWide","Democratic","","15,025","0","0","","","","","","","","",""
"2012 General Election","LYCOMING","Auditor General","StateWide","Libertarian","","2,464","0","0","","","","","","","","",""
"2012 General Election","LYCOMING","State Treasurer","StateWide","Republican","","27,639","0","0","","","","","","","","",""
"2012 General Election","LYCOMING","State Treasurer","StateWide","Democratic","","15,386","0","0","","","","","","","","",""
"2012 General Election","LYCOMING","State Treasurer","StateWide","Libertarian","","1,992","0","0","","","","","","","","",""
"2012 General Election","McKEAN","Auditor General","StateWide","Republican","","9,328","0","0","","","","","","","","",""
"2012 General Election","McKEAN","Auditor General","StateWide","Democratic","","4,379","0","0","","","","","","","","",""
"2012 General Election","McKEAN","Auditor General","StateWide","Libertarian","","749","0","0","","","","","","","","",""
"2012 General Election","McKEAN","State Treasurer","StateWide","Republican","","8,868","0","0","","","","","","","","",""
"2012 General Election","McKEAN","State Treasurer","StateWide","Democratic","","5,022","0","0","","","","","","","","",""
"2012 General Election","McKEAN","State Treasurer","StateWide","Libertarian","","590","0","0","","","","","","","","",""
"2012 General Election","MERCER","Auditor General","StateWide","Republican","","24,609","0","0","","","","","","","","",""
"2012 General Election","MERCER","Auditor General","StateWide","Democratic","","22,231","0","0","","","","","","","","",""
"2012 General Election","MERCER","Auditor General","StateWide","Libertarian","","2,373","0","0","","","","","","","","",""
"2012 General Election","MERCER","State Treasurer","StateWide","Republican","","23,598","0","0","","","","","","","","",""
"2012 General Election","MERCER","State Treasurer","StateWide","Democratic","","23,494","0","0","","","","","","","","",""
"2012 General Election","MERCER","State Treasurer","StateWide","Libertarian","","2,068","0","0","","","","","","","","",""
"2012 General Election","MIFFLIN","Auditor General","StateWide","Republican","","11,094","0","0","","","","","","","","",""
"2012 General Election","MIFFLIN","Auditor General","StateWide","Democratic","","4,038","0","0","","","","","","","","",""
"2012 General Election","MIFFLIN","Auditor General","StateWide","Libertarian","","743","0","0","","","","","","","","",""
"2012 General Election","MIFFLIN","State Treasurer","StateWide","Republican","","10,294","0","0","","","","","","","","",""
"2012 General Election","MIFFLIN","State Treasurer","StateWide","Democratic","","4,883","0","0","","","","","","","","",""
"2012 General Election","MIFFLIN","State Treasurer","StateWide","Libertarian","","631","0","0","","","","","","","","",""
"2012 General Election","MONROE","Auditor General","StateWide","Republican","","25,381","0","0","","","","","","","","",""
"2012 General Election","MONROE","Auditor General","StateWide","Democratic","","30,641","0","0","","","","","","","","",""
"2012 General Election","MONROE","Auditor General","StateWide","Libertarian","","1,700","0","0","","","","","","","","",""
"2012 General Election","MONROE","State Treasurer","StateWide","Republican","","24,347","0","0","","","","","","","","",""
"2012 General Election","MONROE","State Treasurer","StateWide","Democratic","","31,750","0","0","","","","","","","","",""
"2012 General Election","MONROE","State Treasurer","StateWide","Libertarian","","1,447","0","0","","","","","","","","",""
"2012 General Election","MONTGOMERY","Auditor General","StateWide","Republican","","178,215","0","0","","","","","","","","",""
"2012 General Election","MONTGOMERY","Auditor General","StateWide","Democratic","","208,899","0","0","","","","","","","","",""
"2012 General Election","MONTGOMERY","Auditor General","StateWide","Libertarian","","5,960","0","0","","","","","","","","",""
"2012 General Election","MONTGOMERY","State Treasurer","StateWide","Republican","","166,867","0","0","","","","","","","","",""
"2012 General Election","MONTGOMERY","State Treasurer","StateWide","Democratic","","220,392","0","0","","","","","","","","",""
"2012 General Election","MONTGOMERY","State Treasurer","StateWide","Libertarian","","5,657","0","0","","","","","","","","",""
"2012 General Election","MONTOUR","Auditor General","StateWide","Republican","","4,297","0","0","","","","","","","","",""
"2012 General Election","MONTOUR","Auditor General","StateWide","Democratic","","2,692","0","0","","","","","","","","",""
"2012 General Election","MONTOUR","Auditor General","StateWide","Libertarian","","518","0","0","","","","","","","","",""
"2012 General Election","MONTOUR","State Treasurer","StateWide","Republican","","4,133","0","0","","","","","","","","",""
"2012 General Election","MONTOUR","State Treasurer","StateWide","Democratic","","2,924","0","0","","","","","","","","",""
"2012 General Election","MONTOUR","State Treasurer","StateWide","Libertarian","","428","0","0","","","","","","","","",""
"2012 General Election","NORTHAMPTON","Auditor General","StateWide","Republican","","59,031","0","0","","","","","","","","",""
"2012 General Election","NORTHAMPTON","Auditor General","StateWide","Democratic","","59,490","0","0","","","","","","","","",""
"2012 General Election","NORTHAMPTON","Auditor General","StateWide","Libertarian","","3,037","0","0","","","","","","","","",""
"2012 General Election","NORTHAMPTON","State Treasurer","StateWide","Republican","","55,598","0","0","","","","","","","","",""
"2012 General Election","NORTHAMPTON","State Treasurer","StateWide","Democratic","","62,766","0","0","","","","","","","","",""
"2012 General Election","NORTHAMPTON","State Treasurer","StateWide","Libertarian","","2,818","0","0","","","","","","","","",""
"2012 General Election","NORTHUMBERLAND","Auditor General","StateWide","Republican","","17,778","0","0","","","","","","","","",""
"2012 General Election","NORTHUMBERLAND","Auditor General","StateWide","Democratic","","11,329","0","0","","","","","","","","",""
"2012 General Election","NORTHUMBERLAND","Auditor General","StateWide","Libertarian","","2,398","0","0","","","","","","","","",""
"2012 General Election","NORTHUMBERLAND","State Treasurer","StateWide","Republican","","17,102","0","0","","","","","","","","",""
"2012 General Election","NORTHUMBERLAND","State Treasurer","StateWide","Democratic","","12,765","0","0","","","","","","","","",""
"2012 General Election","NORTHUMBERLAND","State Treasurer","StateWide","Libertarian","","1,594","0","0","","","","","","","","",""
"2012 General Election","PERRY","Auditor General","StateWide","Republican","","12,499","0","0","","","","","","","","",""
"2012 General Election","PERRY","Auditor General","StateWide","Democratic","","5,122","0","0","","","","","","","","",""
"2012 General Election","PERRY","Auditor General","StateWide","Libertarian","","1,052","0","0","","","","","","","","",""
"2012 General Election","PERRY","State Treasurer","StateWide","Republican","","11,558","0","0","","","","","","","","",""
"2012 General Election","PERRY","State Treasurer","StateWide","Democratic","","6,134","0","0","","","","","","","","",""
"2012 General Election","PERRY","State Treasurer","StateWide","Libertarian","","937","0","0","","","","","","","","",""
"2012 General Election","PHILADELPHIA","Auditor General","StateWide","Republican","","95,235","0","0","","","","","","","","",""
"2012 General Election","PHILADELPHIA","Auditor General","StateWide","Democratic","","534,600","0","0","","","","","","","","",""
"2012 General Election","PHILADELPHIA","Auditor General","StateWide","Libertarian","","7,753","0","0","","","","","","","","",""
"2012 General Election","PHILADELPHIA","State Treasurer","StateWide","Republican","","84,825","0","0","","","","","","","","",""
"2012 General Election","PHILADELPHIA","State Treasurer","StateWide","Democratic","","544,002","0","0","","","","","","","","",""
"2012 General Election","PHILADELPHIA","State Treasurer","StateWide","Libertarian","","7,325","0","0","","","","","","","","",""
"2012 General Election","PIKE","Auditor General","StateWide","Republican","","12,230","0","0","","","","","","","","",""
"2012 General Election","PIKE","Auditor General","StateWide","Democratic","","9,012","0","0","","","","","","","","",""
"2012 General Election","PIKE","Auditor General","StateWide","Libertarian","","1,031","0","0","","","","","","","","",""
"2012 General Election","PIKE","State Treasurer","StateWide","Republican","","11,802","0","0","","","","","","","","",""
"2012 General Election","PIKE","State Treasurer","StateWide","Democratic","","9,433","0","0","","","","","","","","",""
"2012 General Election","PIKE","State Treasurer","StateWide","Libertarian","","931","0","0","","","","","","","","",""
"2012 General Election","POTTER","Auditor General","StateWide","Republican","","4,939","0","0","","","","","","","","",""
"2012 General Election","POTTER","Auditor General","StateWide","Democratic","","1,643","0","0","","","","","","","","",""
"2012 General Election","POTTER","Auditor General","StateWide","Libertarian","","374","0","0","","","","","","","","",""
"2012 General Election","POTTER","State Treasurer","StateWide","Republican","","4,744","0","0","","","","","","","","",""
"2012 General Election","POTTER","State Treasurer","StateWide","Democratic","","1,872","0","0","","","","","","","","",""
"2012 General Election","POTTER","State Treasurer","StateWide","Libertarian","","328","0","0","","","","","","","","",""
"2012 General Election","SCHUYLKILL","Auditor General","StateWide","Republican","","29,526","0","0","","","","","","","","",""
"2012 General Election","SCHUYLKILL","Auditor General","StateWide","Democratic","","22,636","0","0","","","","","","","","",""
"2012 General Election","SCHUYLKILL","Auditor General","StateWide","Libertarian","","3,701","0","0","","","","","","","","",""
"2012 General Election","SCHUYLKILL","State Treasurer","StateWide","Republican","","26,345","0","0","","","","","","","","",""
"2012 General Election","SCHUYLKILL","State Treasurer","StateWide","Democratic","","26,739","0","0","","","","","","","","",""
"2012 General Election","SCHUYLKILL","State Treasurer","StateWide","Libertarian","","2,798","0","0","","","","","","","","",""
"2012 General Election","SNYDER","Auditor General","StateWide","Republican","","9,633","0","0","","","","","","","","",""
"2012 General Election","SNYDER","Auditor General","StateWide","Democratic","","3,813","0","0","","","","","","","","",""
"2012 General Election","SNYDER","Auditor General","StateWide","Libertarian","","905","0","0","","","","","","","","",""
"2012 General Election","SNYDER","State Treasurer","StateWide","Republican","","9,270","0","0","","","","","","","","",""
"2012 General Election","SNYDER","State Treasurer","StateWide","Democratic","","4,228","0","0","","","","","","","","",""
"2012 General Election","SNYDER","State Treasurer","StateWide","Libertarian","","793","0","0","","","","","","","","",""
"2012 General Election","SOMERSET","Auditor General","StateWide","Republican","","21,042","0","0","","","","","","","","",""
"2012 General Election","SOMERSET","Auditor General","StateWide","Democratic","","10,067","0","0","","","","","","","","",""
"2012 General Election","SOMERSET","Auditor General","StateWide","Libertarian","","1,833","0","0","","","","","","","","",""
"2012 General Election","SOMERSET","State Treasurer","StateWide","Republican","","19,917","0","0","","","","","","","","",""
"2012 General Election","SOMERSET","State Treasurer","StateWide","Democratic","","11,154","0","0","","","","","","","","",""
"2012 General Election","SOMERSET","State Treasurer","StateWide","Libertarian","","1,702","0","0","","","","","","","","",""
"2012 General Election","SULLIVAN","Auditor General","StateWide","Republican","","1,673","0","0","","","","","","","","",""
"2012 General Election","SULLIVAN","Auditor General","StateWide","Democratic","","984","0","0","","","","","","","","",""
"2012 General Election","SULLIVAN","Auditor General","StateWide","Libertarian","","174","0","0","","","","","","","","",""
"2012 General Election","SULLIVAN","State Treasurer","StateWide","Republican","","1,639","0","0","","","","","","","","",""
"2012 General Election","SULLIVAN","State Treasurer","StateWide","Democratic","","1,062","0","0","","","","","","","","",""
"2012 General Election","SULLIVAN","State Treasurer","StateWide","Libertarian","","138","0","0","","","","","","","","",""
"2012 General Election","SUSQUEHANNA","Auditor General","StateWide","Republican","","10,542","0","0","","","","","","","","",""
"2012 General Election","SUSQUEHANNA","Auditor General","StateWide","Democratic","","5,818","0","0","","","","","","","","",""
"2012 General Election","SUSQUEHANNA","Auditor General","StateWide","Libertarian","","1,173","0","0","","","","","","","","",""
"2012 General Election","SUSQUEHANNA","State Treasurer","StateWide","Republican","","10,185","0","0","","","","","","","","",""
"2012 General Election","SUSQUEHANNA","State Treasurer","StateWide","Democratic","","6,287","0","0","","","","","","","","",""
"2012 General Election","SUSQUEHANNA","State Treasurer","StateWide","Libertarian","","977","0","0","","","","","","","","",""
"2012 General Election","TIOGA","Auditor General","StateWide","Republican","","11,146","0","0","","","","","","","","",""
"2012 General Election","TIOGA","Auditor General","StateWide","Democratic","","4,278","0","0","","","","","","","","",""
"2012 General Election","TIOGA","Auditor General","StateWide","Libertarian","","968","0","0","","","","","","","","",""
"2012 General Election","TIOGA","State Treasurer","StateWide","Republican","","10,952","0","0","","","","","","","","",""
"2012 General Election","TIOGA","State Treasurer","StateWide","Democratic","","4,735","0","0","","","","","","","","",""
"2012 General Election","TIOGA","State Treasurer","StateWide","Libertarian","","738","0","0","","","","","","","","",""
"2012 General Election","UNION","Auditor General","StateWide","Republican","","9,525","0","0","","","","","","","","",""
"2012 General Election","UNION","Auditor General","StateWide","Democratic","","5,288","0","0","","","","","","","","",""
"2012 General Election","UNION","Auditor General","StateWide","Libertarian","","845","0","0","","","","","","","","",""
"2012 General Election","UNION","State Treasurer","StateWide","Republican","","9,198","0","0","","","","","","","","",""
"2012 General Election","UNION","State Treasurer","StateWide","Democratic","","5,776","0","0","","","","","","","","",""
"2012 General Election","UNION","State Treasurer","StateWide","Libertarian","","660","0","0","","","","","","","","",""
"2012 General Election","VENANGO","Auditor General","StateWide","Republican","","13,144","0","0","","","","","","","","",""
"2012 General Election","VENANGO","Auditor General","StateWide","Democratic","","6,989","0","0","","","","","","","","",""
"2012 General Election","VENANGO","Auditor General","StateWide","Libertarian","","1,390","0","0","","","","","","","","",""
"2012 General Election","VENANGO","State Treasurer","StateWide","Republican","","12,016","0","0","","","","","","","","",""
"2012 General Election","VENANGO","State Treasurer","StateWide","Democratic","","7,623","0","0","","","","","","","","",""
"2012 General Election","VENANGO","State Treasurer","StateWide","Libertarian","","1,869","0","0","","","","","","","","",""
"2012 General Election","WARREN","Auditor General","StateWide","Republican","","9,401","0","0","","","","","","","","",""
"2012 General Election","WARREN","Auditor General","StateWide","Democratic","","5,774","0","0","","","","","","","","",""
"2012 General Election","WARREN","Auditor General","StateWide","Libertarian","","1,183","0","0","","","","","","","","",""
"2012 General Election","WARREN","State Treasurer","StateWide","Republican","","8,830","0","0","","","","","","","","",""
"2012 General Election","WARREN","State Treasurer","StateWide","Democratic","","6,440","0","0","","","","","","","","",""
"2012 General Election","WARREN","State Treasurer","StateWide","Libertarian","","996","0","0","","","","","","","","",""
"2012 General Election","WASHINGTON","Auditor General","StateWide","Republican","","47,292","0","0","","","","","","","","",""
"2012 General Election","WASHINGTON","Auditor General","StateWide","Democratic","","40,787","0","0","","","","","","","","",""
"2012 General Election","WASHINGTON","Auditor General","StateWide","Libertarian","","3,686","0","0","","","","","","","","",""
"2012 General Election","WASHINGTON","State Treasurer","StateWide","Republican","","48,794","0","0","","","","","","","","",""
"2012 General Election","WASHINGTON","State Treasurer","StateWide","Democratic","","40,201","0","0","","","","","","","","",""
"2012 General Election","WASHINGTON","State Treasurer","StateWide","Libertarian","","3,514","0","0","","","","","","","","",""
"2012 General Election","WAYNE","Auditor General","StateWide","Republican","","12,166","0","0","","","","","","","","",""
"2012 General Election","WAYNE","Auditor General","StateWide","Democratic","","7,487","0","0","","","","","","","","",""
"2012 General Election","WAYNE","Auditor General","StateWide","Libertarian","","1,232","0","0","","","","","","","","",""
"2012 General Election","WAYNE","State Treasurer","StateWide","Republican","","11,668","0","0","","","","","","","","",""
"2012 General Election","WAYNE","State Treasurer","StateWide","Democratic","","7,981","0","0","","","","","","","","",""
"2012 General Election","WAYNE","State Treasurer","StateWide","Libertarian","","1,066","0","0","","","","","","","","",""
"2012 General Election","WESTMORELAND","Auditor General","StateWide","Republican","","90,665","0","0","","","","","","","","",""
"2012 General Election","WESTMORELAND","Auditor General","StateWide","Democratic","","66,737","0","0","","","","","","","","",""
"2012 General Election","WESTMORELAND","Auditor General","StateWide","Libertarian","","6,503","0","0","","","","","","","","",""
"2012 General Election","WESTMORELAND","State Treasurer","StateWide","Republican","","86,283","0","0","","","","","","","","",""
"2012 General Election","WESTMORELAND","State Treasurer","StateWide","Democratic","","69,632","0","0","","","","","","","","",""
"2012 General Election","WESTMORELAND","State Treasurer","StateWide","Libertarian","","6,420","0","0","","","","","","","","",""
"2012 General Election","WYOMING","Auditor General","StateWide","Republican","","6,605","0","0","","","","","","","","",""
"2012 General Election","WYOMING","Auditor General","StateWide","Democratic","","4,205","0","0","","","","","","","","",""
"2012 General Election","WYOMING","Auditor General","StateWide","Libertarian","","727","0","0","","","","","","","","",""
"2012 General Election","WYOMING","State Treasurer","StateWide","Republican","","6,273","0","0","","","","","","","","",""
"2012 General Election","WYOMING","State Treasurer","StateWide","Democratic","","4,560","0","0","","","","","","","","",""
"2012 General Election","WYOMING","State Treasurer","StateWide","Libertarian","","639","0","0","","","","","","","","",""
"2012 General Election","YORK","Auditor General","StateWide","Republican","","102,865","0","0","","","","","","","","",""
"2012 General Election","YORK","Auditor General","StateWide","Democratic","","74,349","0","0","","","","","","","","",""
"2012 General Election","YORK","Auditor General","StateWide","Libertarian","","8,357","0","0","","","","","","","","",""
"2012 General Election","YORK","State Treasurer","StateWide","Republican","","104,367","0","0","","","","","","","","",""
"2012 General Election","YORK","State Treasurer","StateWide","Democratic","","70,846","0","0","","","","","","","","",""
"2012 General Election","YORK","State Treasurer","StateWide","Libertarian","","8,781","0","0","","","","","","","","",""
